Tagba,Français,,,,
bǎ,ballon,,,,
bâd,empêcher,,,,
bádáféw,jamais,,,,
bà̰.jí.ŋɛ,vin de palme,,,,
bàlɛ́,sans,,,,
bán,finir,,,,
bât,fabriquer,,,,
bǎt,causérie,,,,
bàt.bɩ̀,banane,,,,
bə̂,pois de terre,,,,
bə́d,esclave,,,,
bə̌d,bile,,,,
bə̀t,couler,,,,
bɛ̀t.mɛ́,être fort,,,,
bí,farine,,,,
bɩ́,petit,,,,
bɩ́d,ramasser,,,,
bɩ̀d,"respecter, obéir",,,,
bɩ̌d,puits,,,,
bɩ̀.dà,finalement,,,,
bɩ̀lɩ̀,"être épais, être lourd",,,,
bɩ̂t,surprendre,,,,
bǒb,muet,,,,
bòg.nàt.té,gecko,,,,
bɔ̌t,restreindre,,,,
bǔd,araignée,,,,
bǔn,terrasse aérienne,,,,
cá,être rapide,,,,
cá,Auxiliaire de prédication,,,,
cǎ,enfant,,,,
cǎ̰,marché,,,,
cá.câd,truie,,,,
càd,"aplatir, écarter",,,,
câd,"porc, cochon",,,,
cǎd,haricot,,,,
cǎk,chercher,,,,
cǎn,jour,,,,
cǎ̰t,panthère,,,,
cà.wɛ̌t,odeur forte,,,,
cə̌d,faire sècher,,,,
cə̀t,décortiquer,,,,
cé,faire,,,,
cě,noix,,,,
cě,frémir,,,,
cê,oeuf,,,,
cê,refuser,,,,
cê,corps,,,,
cèd,chanter,,,,
cêd,femme,,,,
céd.cɛ̰̌,crocodile,,,,
cé.děn,femme,,,,
cêg,"insulter, faire blesser",,,,
cěk,rire,,,,
cêt,découper,,,,
cɛ̰́,"savoir, connaître",,,,
cɛ̰̌,sauce,,,,
cɛ̰̌,"bien, générosité",,,,
cɛ̰̌,lion,,,,
cɛ̰̀mɛ́,parfait,,,,
cɛ̀t,petit,,,,
cɛ̰̂t,jaillir,,,,
cɛ̌t,petitesse,,,,
cî,comportement,,,,
cî,cuisse,,,,
cì.cɛ̌,bienfaiteur,,,,
cìcì,petit,,,,
cǐd,potier,,,,
cè.pót,fiancée,,,,
cì.pót,fraternité,,,,
cít,rencontrer,,,,
cì.wá̰,arbre de bas-fond,,,,
cì.wǎd,séparation des cuisines,,,,
cì.yé,enfant d'une même année,,,,
cɩ̌,calebasse,,,,
cɩ̀d,étaler,,,,
cɩ̀g,renverser,,,,
cɩ̂t,croiser,,,,
cɩ̀t,éternuer,,,,
cɩ̌t,s'évanouir,,,,
cô,"femme, épouse",,,,
còt,étrangler,,,,
có.tí,petit canari,,,,
cɔ̌,cueillir,,,,
cɔ̌d,frère,,,,
cɔ̌k,maigrir,,,,
cɔ̌g,profondeur,,,,
cɔ̌k,maigreur,,,,
cɔ̰̀.sǒg,préparation du couscous,,,,
cɔ́t,planter,,,,
cɔ̰́t,choix,,,,
cɔ̰̀t,"enfoncer, embarrasser",,,,
cɔ̂t,incliner,,,,
cɔ̰̂t,choisir,,,,
cɔ̰̌t,étau,,,,
cúd,bercer,,,,
cǔd,rôter,,,,
cǔd,"guérir, se rétablir",,,,
cʋ̌,"marmite en fer, canari",,,,
cʋ̌,attraper,,,,
cʋ́d,éclairer,,,,
dá̰,"douceur, doux",,,,
dǎ̰,paniers,,,,
dád,tenir légèrement,,,,
dák,croire,,,,
dǎn,"tambour, tam-tam",,,,
dà.sǎd,éphémère,,,,
dà.sɛ̰̌,mauvaises paroles,,,,
dá.sɔ̌n,C crapaud,,,,
dà.sûd,C éléphant,,,,
də̌,hérisson,,,,
dɛ̌,"ancien, vieux",,,,
dɩ̌t,remboursement,,,,
dɩ̌t,rembourser,,,,
dò.kɔ̌d,canard,,,,
dò.pɛ̰̌,odeur puante,,,,
dò.pɔ́n,"vautour, charognard",,,,
dǒt,depassement,,,,
dó.zǎ,reine des termites,,,,
dɔ̌,pilon,,,,
dɔ̀g.pì.yâ,mouton,,,,
dù.jàn,mal de poitrine,,,,
dǔn,poitrine,,,,
fɛ̰̀,fleurir,,,,
fá,pierre,,,,
fǎd,"s'épaissir, s'élargir",,,,
fǎ,douter,,,,
fá̰k,pouvoir,,,,
fád,"salut, merci",,,,
fád,cultiver,,,,
fád,culture,,,,
fàd,changer,,,,
fǎd,handicapé,,,,
fǎd,tromper,,,,
fǎd,"largeur, épaisseur",,,,
fá̰k,force,,,,
fát,être rapide,,,,
fâ̰t,construire,,,,
fə́d,s'approcher,,,,
fə̌d,natte,,,,
fé,courir,,,,
fê,bas ventre,,,,
fêt,uriner,,,,
fêt,urine,,,,
fɛ̰́,blancheur,,,,
fɛ̰́,fleurir,,,,
fɛ̀d,diluer,,,,
fɛ̀ʔɛ̀,être léger,,,,
fɛ̀ʔɛ̌,rapide,,,,
fɛ̌k,tranquille,,,,
fɛ́t,appuyer,,,,
fɛ̂t,coincer,,,,
fǐ,python,,,,
fíd,damer,,,,
fìʔá,avoir peur,,,,
fìʔɛ́,aveugle,,,,
fǐk,taire,,,,
fǐk,poisson,,,,
fín,annuler,,,,
fɩ́k,boucles d'oreilles,,,,
fɩ́.kǎn,aile,,,,
fɩ̀lá.kǎ̰,plante,,,,
fɩ̂n,mensonge,,,,
fɩ̌n,pus,,,,
fɩ̀ná,blanchir,,,,
fɩ̌t,percer,,,,
fɩ̌t,van,,,,
fɛ̰́k,sexe masculin,,,,
fó,surprendre,,,,
fô,crédit,,,,
fô,dépouiller,,,,
fǒ,N,,,,
fǒg,éteindre,,,,
fǒn,forge,,,,
fót,sortir,,,,
fɔ̂,souffler,,,,
fɔ̂,griller,,,,
fɔ̂,"vanner, gonfler",,,,
fɔ̰̌,"nouveauté, nouveau",,,,
fɔ̌d,propriétaire,,,,
fɔ̰̌g,gousse d'arachide,,,,
fɔ̰̌k,pourrir,,,,
fɔ̂t,surveiller de près,,,,
fú,salutation,,,,
fû,éclater,,,,
fǔ,sueur,,,,
fùbàβɛ́,au-dessus de,,,,
fǔd,pousser,,,,
fù.gǔ,estomac,,,,
fù.mɔ̀n,faire ses besoins,,,,
fùn,"suer, transpirer",,,,
fùn,pauvrété,,,,
fûn,"échouer, manquer",,,,
fǔn,intérieur,,,,
fǔ,détester,,,,
fùn.ná,morve,,,,
fùn.nǎ,nez,,,,
fùn.pɛ̌,tristesse,,,,
fùntǎ̰,joie,,,,
fʋ̀n,sentir,,,,
fʋ̌t,"enlever la peau, les poils",,,,
gá,maison,,,,
gá,vestibule,,,,
gà,boire,,,,
gâ,boisson,,,,
gǎ,front,,,,
gà̰.gǎ̰,piège traditionnel,,,,
gà.ɲɔ̌,entrée du village,,,,
gà.sɔ̰̌,chambre à coucher,,,,
gàt,accepter,,,,
gàt,associer,,,,
gǎt,porte en bois,,,,
gàt.fá,fusil,,,,
gèd,blesser,,,,
gěg,"arranger, réparer",,,,
gè.gě,utiliser,,,,
gɛ̌t,porte,,,,
gíd.wá,natte de rônier,,,,
gó,V,,,,
gó,"grosseur, gros",,,,
gǒ,tuer,,,,
gô,tam-tam,,,,
gò.gǒ,rassemblement,,,,
gɔ̰̀,"frapper, battre",,,,
gɔ̌,grenier,,,,
gɔ̰̂,funérailles,,,,
gɔ̰̀.jí,responsable du grenier,,,,
gɔ́k,célèbre,,,,
gún,cadavre,,,,
gʋ̀.gʋ̀,réunir,,,,
gbɛ́jɛ́ɣɛ́,vingt,,,,
gbɛ́jɛ́ɣɛ́,trente,,,,
gbɛ́rɩ́sɩ̀cɛ̀rɛ̀,neuf,,,,
gbɛ́rɩ́sɔ̀n,quarante,,,,
gbɛ́rɩ́sɔ́nnɩ̀,sept,,,,
gbɛ́rɩ́táánrɩ̀,huit,,,,
gbɛ́rò,six,,,,
jǎ,vaincre,,,,
jâ,casser,,,,
jǎ,fils,,,,
jǎ,pouvoir,,,,
jǎd,haricot,,,,
já.fɔ̌d,maître,,,,
jág,cassure,,,,
jǎd,petit haricot,,,,
jǎn,"mal, maladie",,,,
jàt,"se baisser, se courber",,,,
jât,cri,,,,
já.tɔ̌,toit,,,,
jé,travailler,,,,
jé,Déic,,,,
jě,laver,,,,
jê,entrer,,,,
jêd,demander,,,,
jêd,demande,,,,
jét,sein,,,,
jêt,langue,,,,
jɛ̌,bon,,,,
jɛ̀rɩ̀,quelque,,,,
jí,Déic,,,,
jîd,traverser,,,,
jì.fǔn,potasse,,,,
jí.ná,génie,,,,
jís,hanche,,,,
jǐz,"scarifications,	 fil	de coton",,,,
jɩ̌g,balafon,,,,
jét.,géniteur,,,,
jǒ,"avaler, picorer",,,,
jǒ,parler,,,,
jòŋɛ́,qui,,,,
jɔ̀,préoccuper,,,,
jɔ̂,paresse,,,,
jɔ̌d,coudre,,,,
jɔ̀g,aiguiser,,,,
jǔ,parleur,,,,
jǔ,parole,,,,
jù.gó,insensée,,,,
jù.kɔ̀t.pí,lièvre,,,,
júnín,monde,,,,
jʋ̌,"testicule, verge",,,,
ká,viande,,,,
kà,"manger de la viande, de la salade, de la galette",,,,
kǎ,chose,,,,
kǎ,"rôtir, frire",,,,
kâ̰,donner,,,,
kà.tànmǎn,ancien endroit inhabité,,,,
kà.bà,nuage,,,,
ká̰bélébá,gentleman,,,,
kà.bɩ̌nɛ,"cauris, argent",,,,
kà.bû,bras,,,,
ká.cǎ,surveiller,,,,
ká.cǎ,surveillance,,,,
ká.cě,fait,,,,
ká.cɛ̰́,"savoir, connaissance",,,,
ká.cɛ̌,bienfait,,,,
ká.cɛ̰̀.fɔ̌d,devin,,,,
ká.cǒ,souris,,,,
kà.có.sɩ̀.cɔ̂n,musaraigne,,,,
kà.cɔ̌,étable,,,,
kád,détruire,,,,
kád,destruction,,,,
kàd,lire,,,,
kà̰,manche,,,,
ká̰d,manière,,,,
kâd,aisselle,,,,
kǎd,sorgho,,,,
kǎk,"souffrir, faire chaud",,,,
kǎd,souffrance,,,,
ká̰.dǎ,main droite,,,,
kà.dɛ́,chose,,,,
kàfán,N,,,,
kà.fǐk,air,,,,
kà.fǔ,chaleur,,,,
ká.gɔ̰̂,foyer,,,,
kà.gbù.tɩ́,arbre tueur,,,,
kàjá,même si,,,,
kà.jé,bois,,,,
kǎk,"faire souffrir, maltraiter",,,,
kǎ̰k,sans seins,,,,
kǎ̰k,village,,,,
kǎ̰k,fatigue,,,,
kà̰k.bàlɛ́,infatigable,,,,
kà.kɛ̰̂d,margouillat,,,,
kà.kɛ̰̀zé,noix de palm du margouillat,,,,
kà̰k.fɔ̌d,chef,,de village,,
ká.kôt,poignée,,,,
kàkúdò,cinq,,,,
kà.mɔ́d,aigle,,,,
kán,interdit alimentaire,,,,
kân,courge,,,,
kànɛ́,comment,,,,
kà.nɩ́,but,,,,
kà.pá̰,concession,,,,
kà.pǎt,plante,,,,
kà.pɛ̂t,sauterelle,,,,
kà.pɩ̌n,mouvette,,,,
kà.pù.ɲǔŋɛ,épaule,,,,
ká.sǎ,jambe,,,,
kà.sɩ́,guerre,,,,
kà.sɩ̌n,plante,,,,
ká.tɩ̌,faim,,,,
kát,grelot en métal,,,,
kàt,habiter,,,,
kǎt,convertir,,,,
kàt,"commander, diriger, tourner",,,,
kât,transformation,,,,
kǎt,partir,,,,
ká.tɩ̌,manche de la daba,,,,
kát.ɲǐ,ami,,,,
kà.tɔ̌,dos,,,,
ká.yʋ̂,critiquer,,,,
ká.yʋ̂,critique,,,,
kà.zǒt,louche,,,,
ké,Déic,,,,
kéd,"bras, main",,,,
kěd,goutter,,,,
ké.yí.tá̰,main habile,,,,
kɛ́,dix,,,,
kɛ̰̌,gémir,,,,
kɛ̰̌g,"branche d'arbre, gésier",,,,
kɛ̰̀.gǒt,caméléon,,,,
kɛ̰̀.jò,gorge,,,,
kɛ̌t,champ,,,,
kɩ́d,tirer,,,,
kɩ́d,ciel,,,,
kɩ̀.dɩ̌g,générosité,,,,
kɩ́t,pronom tonique,,,,
kɩ̌t,trébucher,,,,
kó,finalement,,,,
kǒ,tousser,,,,
kǒ,taper dans les mains,,,,
kǒ,coton,,,,
kǒd,mort,,,,
kǒdbi.kǎ̰k,village des ancêtres,,,,
kót,puiser,,,,
kòt,"s'amuser, danser",,,,
kòt,clouer,,,,
kǒt,rester,,,,
kòt.jɩ̌t,route de la sève,,,,
kò.tǒ,singe,,,,
kòt.pá̰,"pigeon, tourterelle",,,,
kò.tò.pɔ́d,singe,,,,
kò.tù.nɩ́.kǒ,anarcade du singe,,,,
kɔ́,"murmurer, pleurer, grogner",,,,
kɔ̌,"finir, mourir",,,,
kɔ̰̌,couper,,,,
kɔ̰̌,aboyer,,,,
kɔ̰̂d,égorger,,,,
kɔ̰̌g,arracher,,,,
kɔ̌n,perle,,,,
kɔ̀t,V,,,,
kɔ̌t,héritage,,,,
kɔ̌t,"cuvette		en	bois, pirogue, écorce",,,,
kɔ̌t,chasser,,,,
kɔ́.tɔ̰̌,varan de terre,,,,
kú,chemin,,,,
kù,colle,,,,
kû,chose,,,,
kǔ,"coutume, escabot",,,,
kǔ,supporter,,,,
kú.bǒn,fruit de Lagenaria siceraria,,,,
kú.cɛ̌,N  bonté,,,,
kǔd,ramasser,,,,
kǔda.fǒd,chef coutumir,,,,
kú.lún,manquer,,,,
kǔn,tortue,,,,
kǔn,nombril,,,,
kúnkó,problème,,,,
kǔt,plier,,,,
kú.tɩ̌t,Lagenaria siceraria,,,,
kù.tù.pǒ,argile,,,,
kʋ́,croquer,,,,
kʋ̀d,raser,,,,
kʋ́d,crier,,,,
lá,Particule énonciative,,,,
lá,temps,,,,
lâ,grossesse,,,,
lá.cǎd,belle-mère,,,,
lád,oncle maternel,,,,
là.fɔ̌d,beaux parents,,,,
làk,se retourner,,,,
lǎk,éplucher,,,,
lǎk,abandonner,,,,
lâ̰d,papillon,,,,
làmɔ́ɣɔ́yá,fraternité,,,,
là.pǒt,belle-fille,,,,
lát,rôle,,,,
là.tǎ̰,richesse,,,,
là.tǔ,beau-père,,,,
láwù,se moquer,,,,
lé,", génération",,,,
lêd,s'accroupir,,,,
lêg,chatouiller,,,,
lén,intestin,,,,
lɛ́,cacher,,,,
lɛ̀,vieillir,,,,
lɛ̌,vieux,,,,
lɛ̌,manger,,,,
lɛ̀t,planer,,,,
líd,éloigner,,,,
lǐd,libellule,,,,
lɩ́,pronom anaphorique,,,,
lɩ́t,pronom tonique,,,,
lǒg,"écouter, entendu",,,,
lǒga.kò.tǔt,hipopotame,,,,
lò.wǔd,versement d'eau,,,,
lɔ̌,prendre,,,,
lɔ̌,"marigot, rivière",,,,
lɔ̌,eau,,,,
lɔ̀g.zǒt,chasseur,,,,
lû,colère,,,,
lù.gâd,grenouille,,,,
lù.sě,génie d'eau,,,,
lʋ̌,noix de karité,,,,
lʋ̌g,monter,,,,
lʋ̀.tɩ́,karité,,,,
má,Particule énonciative,,,,
má̰,aussi,,,,
mǎ,s'étourdir,,,,
mǎd,s'évanouir,,,,
mà̰.dé.tɩ́,papaye,,,,
màk.cé,Existentiel,,,,
mà.sá.cǔ,À perte de vue,,,,
má.sɛ́,aiguille,,,,
mât,se coller à,,,,
màt.fá,fusil,,,,
mə̌,"pois sucré, souchet",,,,
mɛ́,négation,,,,
mɛ̂,"voix, cri",,,,
mɛ̌,corde,,,,
mɛ̌,nom,,,,
mɛ̌ga.sɩ́,prénom,,,,
mɛ́.jǔ,parole,,,,
mɛ̰́k,conte,,,,
mɛ̰́k.gét,devinette,,,,
mí,et,,,,
mîk,hameçon,,,,
mɩ̀,allumer,,,,
mɔ̰́,Prn,,,,
mɔ̌,riz,,,,
mɔ̰̀d,sourire,,,,
mɔ̂n,"durer, prendre du temps",,,,
mɔ̌t,fermer superficiellement,,,,
mù,aussi,,,,
mù.cɔ̂,soeur aînée,,,,
mṵ̀.kǒt,joue,,,,
mú.tá̰,plaisir,,,,
nà,relateur,,,,
nà̰,queue,,,,
nǎ,feu,,,,
nǎ,crème,,,,
nǎ̰,"Solenostermon rotundifolius, fabirama",,,,
nàd,s'étirer,,,,
nâd,scorpion,,,,
nà.fá̰.bɩ̀.kɩ̌,construction,,,,
nà.jêt,fesse,,,,
nà̰.jɛ́t,plante,,,,
nà̰.jǐ,jeune,,,,
nà̰.jɔ̌t,fainéant,,,,
nà.ká.lɛ̌,grand voleur,,,,
námá,chaque,,,,
nà̰m.nɛ́w,être chaud,,,,
nà.mɔ̌g,libellule,,,,
nǎn,"homme, mari",,,,
nàn.ɲɛ́t,rouquin,,,,
nàn.tǎ,cour,des hommes,,,
nát,appeler,,,,
nât,tordre,,,,
nɛ́,mettre,,,,
nɛ̂,substance maléfique,,,,
nɛ̰̀bùt.tǎ̰,citron,,,,
nɛ̀n,rentrer le bétail,,,,
nɛ̌n,milieu,,,,
ní,et,,,,
nìbédɛ́,"maintenant, tout de suite",,,,
nícé,merci,,,,
nǐn,boeuf,,,,
nìjá,aujourd'hui,,,,
nɩ̀.cɛ̰̌k,salive,,,,
nɩ̀dǎk,plante des pieds,,,,
nɩ̀.jɩ̌t,lait de vache,,,,
nɩ́ké,voici,,,,
nɩ̀.kɛ̰́,un,,,,
nɩ̌n,"néré, parkia biglobosa",,,,
nɩ̀.pá̰,moustique,,,,
nɩ́.pě,orteil,,,,
nkí,"ceux-ci, ceux-là",,,,
nɔ́,particule énonciative,,,,
nɔ̀,vigoureux,,,,
nɔ̌,coller,,,,
nɔ̌,mordre,,,,
nɔ̰̂,mère,,,,
nɔ́.bɩ̌,pintadeau,,,,
nɔ́.câd,pintade femelle,,,,
nɩ̀.cɔ̂,vache,,,,
nɔ̌d,pintade,,,,
nɔ̰̀.gá,maison de la mère,,,,
nɔ̀g.lé,vieillard,,,,
nɔ̌k,"postérieur, profondeur",,,,
nɔ̀.lɛ̂,grand-mère,,,,
nɔ̂n,mordre,,,,
nɔ̀n,arriver,,,,
nɔ̰́.nɩ̀,Un,,,,
nɔ̌n.ga,"ensuite, maintenant, moment",,,,
nɔ̌ŋɛ.mú.cɔ̂,tante maternelle,,,,
nɔ́.pɔ̌d,pintade,,,,
nɔ̰̀.sí,famille de la mère,,,,
nɔ̀t,salir,,,,
nṵ̀gbódó,encore,,,,
ndɛ̌,racine,,,,
ndɩ́,Pron,,,,
ndɩ̂,reculer,,,,
ndɩ̌,nourriture,,,,
ndɩ̌,oreille,,,,
ngó,marqueur de discours,,,,
ndǒ,semer,,,,
ndɔ̌,odeur,,,,
ǹdɔ̀t,encore,,,,
ndú,moi,,,,
njé,esprit,,,,
njêt,foie,,,,
ɲá,nager,,,,
ɲǎ,montagne,,,,
ɲà,hache,,,,
ɲǎ̰,péché,,,,
ɲá̰,herbe,,,,
ɲâ,voir,,,,
ɲǎ,N,,,,
ɲǎd,rougir,,,,
ɲǎd,balayer paresseusement,,,,
ɲàfɛ́,rien,,,,
ɲǎg,matin,,,,
ɲák,ménacer,,,,
ɲàk,quoi,,,,
ɲà.kǎ̰k,cimétière,,,,
ɲâm,mélanger,,,,
ɲǎn,colline,,,,
ɲǎt,quelque chose,,,,
ɲât,marcher,,,,
ɲɛ́,Prédicatif nominal,,,,
ɲɛ̂,"face, visage",,,,
ɲɛ́,oeil,,,,
ɲɛ̌,"rouge, rougeur",,,,
ɲɛ̌,brousse,,,,
ɲɛ́d,clair,,,,
ɲɛ̌d,retourner,,,,
ɲɛ̌d,Canna Indica L,,,,
ɲɛ̀k,beaucoup,,,,
ɲɛ́n,pleurer,,,,
ɲɛ̀.sɩ̂,larmes,,,,
ɲɛ̀.sɩ̌,sourcils,,,,
ɲɛ́t,"projeter, jeter",,,,
ɲɛ̂t,rongeur,,,,
ɲǐ,"humidité, froid, fraîcheur",,,,
ɲǐ,"terre, boue",,,,
ɲì.bɩ̌d,"nuit, reveil",,,,
ɲì.mə̀.kâ̰,mille pattes,,,,
ɲǐn,refroidir,,,,
ɲìn.kɛ́,rebelle,,,,
ɲì.pán,demain,,,,
ɲì.tê,jalousie,,,,
ɲɩ̌n,réveiller,,,,
ɲǒ,querelle,,,,
ɲɔ̀,réussir,,,,
ɲɔ̂,bouche,,,,
ɲɔ̌,embellir,,,,
ɲɔ̀.cá,nourrir,,,,
ɲɔ̀.fǎ̰d,ruse,,,,
ɲɔ̌k,chameau,,,,
ɲû,briller,,,,
ɲù.dá̰,chance,,,,
ɲùg.fǒd,chef de file,,,,
ɲù.jó,cheveu,,,,
ɲù.kôt,C,,,,
ɲùn,remplir,,,,
ɲǔn,tête,,,,
ɲù.sɔ̌,matin,,,,
ɲù.tɩ̌n.,C sourd,,,,
ɲù.tǒ,chapeau,,,,
ŋá,dent,,,,
ŋá,"valeureux, virtuose",,,,
ŋá,manière,,,,
ŋá,provoquer,,,,
ŋǎ,flèche,,,,
ŋâ,souffrir,,,,
ŋák,tordre,,,,
ŋǎk,aussitôt,,,,
ŋà.nán,rat voleur,,,,
ŋé,Déic,,,,
ŋéú,celui-là,,,,
ŋɛ̌t,accepter,,,,
ŋǐ,regarder,,,,
ŋód,entraide,,,,
ŋók,épine,,,,
ŋòt,ronfler,,,,
ŋòt,pouvoir,,,,
ŋǒt,champ en jachère,,,,
ŋótʋ́,qui,,,,
ŋɔ́,respirer,,,,
ŋɔ̂,couteau,,,,
ŋɔ̌,reposer,,,,
ŋɔ́d,sommeil,,,,
ŋɔ́.gú,couteau à égorger,,,,
ŋɔ̌k,cacher,,,,
ŋɔ̀.nɔ̌,chant,,,,
ŋɔ̌t,fumée,,,,
ŋǔ,manquer,,,,
ŋùd.bɩ̌,poussin,,,,
ŋùd.cô,poule,,,,
ŋǔd,poulet,,,,
ŋù.nǎ,assiette en bois,,,,
ŋùd.pɔ̌d,coq,,,,
pá̰,"venir, arriver",,,,
pǎ̰,varan d'eau,,,,
pát,contourner,,,,
pât,griller,,,,
pə̂d,guetter,,,,
pə̀t,lutter,,,,
pé,Déic,,,,
pè,egrener,,,,
pê,marmite en terre cuite,,,,
pěd,grosseur,,,,
pěd,grossir,,,,
pét,Prn,,,,
pɛ̰́,difficile,,,,
pɛ́n,V,,,,
pɛ̌t,vendre,,,,
pí,Prn,,,,
pí,ramollir,,,,
pílè,"mauvais, grave",,,,
pîn,cuir,,,,
pǐn,ruche,,,,
pɩ̌,pierre,,à, aiguiser,le couteau
pɩ̀d,tailler un arbre,,,,
pɩ̌d,"nuit, soir",,,,
pɩ́n,ouvrir un fruit,,,,
pɩ̀n,"perdre, filer le coton",,,,
pɩ̌n,tambour,,,,
pɩ́t,Déic,,,,
pɩ́.tà̰,tam-tam,,,,
pjɛ̰́,cour,,,,
pjɛ̰́gɛ.fɔ̌d,propriétaire de la cour,,,,
pòd,sucrer,,,,
pǒd,mal,,,,
pò.fǒd,"comique, bouffon",,,,
pót,"élu, fiancé",,,,
pót,cour,,,,
pɔ̌,attacher,,,,
pɔ̂,balayer,,,,
pɔ̌,meilleur,,,,
pɔ̰̂,chien,,,,
pɔ̰́.bɩ̀,chiot,,,,
pɔ́t,demander en mariage,,,,
pǔ,tronc,,,,
pûn,enfler,,,,
púnɩ́,toute,,,,
sɛ̰́,langue,,,,
sá,Particule énonciative,,,,
sá̰,où,,,,
sâ̰,visiter,,,,
sǎ̰,tamarin,,,,
sà.cɛ́,chat,,,,
sà.cɛ̰́,oiseau,,,,
sá.cǒd,perdrix,,,,
sà̰.cû,mollet,,,,
sǎd,paresse,,,,
sàd.fǒd,paresseux,,,,
sǎg,"écorcher, tailler",,,,
sǎ̰k,"toujours, encore",,,,
sǎ̰k,détacher,,,,
sát,sacrifice,,,,
sát,abeille,,,,
sát,saluer,,,,
sà.tû,hyène,,,,
sə̂,accoucher,,,,
sə̀.cə̀t,parler de Mahon,,,,
sə̌g,petits pois,,,,
sét,rein,,,,
sé,partir,,,,
sé,Auxiliaire de prédication,,,,
sébá,Auxiliaire de prédication,,,,
sěk,panier,,,,
sékò,Auxiliaire de prédication,,,,
sén,vérité,,,,
sé.wù,vrai,,,,
sɛ̰́,où,,,,
sɛ̰̀,"produire, fructifier",,,,
sɛ̂,écrit,,,,
sɛ̂,miel,,,,
sɛ̰́.bɛ́t,fainéant,,,,
sɛ̌d,peau,,,,
sɛ̰́.jǔ,locuteur du,,,,
sɛ̰̀.kɩ̌d,premier,,,,
sɛ̌n,or,,,,
sî,famille,,,,
sḭ́d,viser,,,,
sǐd,commencer,,,,
sí.fǒd,"géniteur, parent",,,,
sîg,attendre,,,,
sǐ,"force, fort",,,,
sǐn,"kapokier, fromager",,,,
sírà,route,,,,
sɩ̂,brousse,,,,
sɩ́,force vitale,,,,
sɩ̀,poils,,,,
sɩ̌,"dolo, bière de mil",,,,
sɩ̀.bô,vulve,,,,
sɩ̀.cá,"personne, gens",,,,
sɩ̀.càk.kǔd,ca,,,,
sɩ̀.càk.tí,ca,,,,
sɩ̀.cé.kǔd,faux type,,,,
sɩ̀.cèt,humain,,,,
sɩ́cɛ̀rɛ̀,quatre,,,,
sɩ́d,honnir,,,,
sɩ̂d,prier,,,,
sɩ̌d,honte,,,,
sɩ̀.dɩ̀t.ɲǎ,lance,,,,
sɩ̌g,attendre,,,,
sɩ̀ga.câd,phacochère,,,,
sɩ̀ga.nɛ̌t,génies  de la brousse,,,,
sɩ̀.kácɔ̀,chèvre,,,,
sɩ̀.kà.pɔ̌d,bouc,,,,
sɩ̀.kǒ̰,retrait de la vie,,,,
sɩ̀.kṵ́.câd,dolotière,,,,
sɩ́n,graisse,,,,
sɩ̀.nɩ̌n,buffle,,,,
sɩ̀.ŋěn,intelligence,,,,
sɩ̀.ŋènbɩ̀.fɔ̌d,intelligent,,,,
sɩ̀.sǎ̰,sang,,,,
sɩ̀.sà̰.kú.,veine,,,,
sɩ̀.sɔ̰̂,mouche,,,,
sɩ̀t,souhait,,,,
sɩ̌t,appuyer,,,,
sɩ̀.tǎ̰,"arc, flèche",,,,
sɩ̀.tád,guêpe,,,,
sɩ̀tànɩ́,di Satan,,,,
sǒ,petit mil,,,,
sǒ,antilope,,,,
sóg,accroupir,,,,
sǒg,V,,,,
sò.sò.gá,cuisine,,,,
sǒt-bɛ,"amertume, amer",,,,
sɔ̰̌,sel,,,,
sɔ̰̀,fixer,,,,
sɔ̂,biche,,,,
sɔ̂,cheval,,,,
sɔ̂,acheter,,,,
sɔ̰̀.câd,jument,,,,
sɔ̰̌g,tristesse,,,,
sɔ̌k,préparer,,,,
sɔ̰́nɩ̀,deux,,,,
sǔ,bile,,,,
sú.gó,piquer,,,,
sù.má̰.dǐ,python,,,,
sûn,adorer,,,,
sʋ̂,déféquer,,,,
sʋ̂,tô,,,,
sʋ̌,piler,,,,
sʋ̌,mortier,,,,
tá,Auxiliaire de prédication,,,,
tá̰lɛ́,bon,,,,
tâ,cour,,,,
tâ,"posséder, avoir, obtenir, atteindre, gagner",,,,
tǎ,poser sur le feu,,,,
tǎ,terre,,,,
tǎ̰,chaussure,,,,
tǎ̰,amitié,,,,
tǎ̰,douceur,,,,
tǎ̰,aimer,,,,
tá̰rɩ̀,trois,,,,
tà.bǔt,terre en banco,,,,
tǎd,superposer,,,,
tà̰là̰,bon,,,,
tà̰d,enseigner,,,,
tǎ̰d,aligner,,,,
tá̰.jà,"hier, veille",,,,
tá̰.já.là,avant hier,,,,
ták,allumer,,,,
tàk,mesurer,,,,
tàk,caresser,,,,
tà̰k,arrondir,,,,
tǎ̰k,piétiner,,,,
tǎ̰k,méchanceté,,,,
tà̰k.gég,cordonnier,,,,
tá̰.mǎ̰k,tour de la cour,,,,
tá.sǐd,début,,,,
tàt.fɔ̌d,chef de terre,,,,
tê,tisser,,,,
tə̌g,descendre,,,,
tê,montrer,,,,
té,sculpter,,,,
té,Déic,,,,
tě,"moment, instant",,,,
tě,assise,,,,
têd,s'habituer,,,,
těk,ligne de séparation,,,,
těn,sculpture,,,,
tɛ̰́,cohabitation,,,,
tɛ̰̌,raison,,,,
tɛ̌,"lieu, endroit",,,,
tɛ̰́d,asseoir,,,,
tɛ̌g,poser,,,,
tɛ̀g.fɔ̌d,propriétaire du lieu,,,,
tɛ́g.kɛ́,quelque part,,,,
tɛ̰̌g,don,,,,
tìlé,temps,,,,
tɩ́,Anaph,,,,
tɩ̂,descendre,,,,
tɩ̌,arbre,,,,
tɩ̀.bɩ̌,"cri, sifflet",,,,
tɩ̀.bɩ́d,Lourde,,,,
tɩ́.cûd,guérison,,,,
tɩ́.fɛ̀d,petite,,,,
tɩ̀.kà̰fɔ̀d,sorcier,,,,
tɩ̀.kû,dos,,,,
tɩ́.lɔ̌,grimpeur,,,,
tɩ̀n,se bagarrer,,,,
tɩ̀n,"enfler, gonfler, rassasier",,,,
tɩ̂n,"claquer, gronder",,,,
tɩ́t,moudre,,,,
tɩ́t,Déic,,,,
tɩ̌t,amertume,,,,
tɩ̀t.bá,fouet,,,,
tǒ,"fermer, enterrer",,,,
tód,"faire accompagner, faire envoyer",,,,
tǒd,matriclan,,,,
tò.dǒ,gombo,,,,
tǒg,lèpre,,,,
tòg.fɔ̌d,lépreux,,,,
tôn,tendon,,,,
tò.nǐn,cheville,,,,
tót,passer,,,,
tǒt,compter,,,,
tò.tǒ,forgeron,,,,
tò.tɔ̰̌,taille,,,,
tɔ̌,enclume,,,,
tɔ̰̌,intérêt,,,,
tɔ̰̌,grandeur,,,,
tɔ̰̌d,grandir,,,,
tɔ̂k,"pied, jambe",,,,
tɔ̰̌k,délayer,,,,
tɔ̀n,être touffu,,,,
tɔ̌n,fer,,,,
tɔ̰̀.tɔ̌,poumon,,,,
tǔ,père,,,,
tṵ̀.dǒ,hérisson,,,,
túg,porter,,,,
tùg,creuser,,,,
tù.gɔ̌,vomir,,,,
tǔk,daba,,,,
túkákùdò,cent,,,,
túkɛ̀,deux cents,,,,
tù.lɛ̂,grand père,,,,
tún,écureuil,,,,
tûn,commissionner,,,,
tǔn,relier,,,,
tǔŋɛ.mù.câd,grande soeur du père,,,,
tǔŋɛ.ɲɛ̀.fɔ̌d,grand frère du père,,,,
tù.sí,famille du père,,,,
tʋ́,tomber,,,,
tʋ̌n,chenille,,,,
vá.bɩ̀,petit,,bavardage,,
vǎd,échange,,,,
và̰.dín,chemise,,,,
vǎn,"habit, pagne",,,,
và̰.té,tisserand,,,,
və̀t,percer,,,,
vɛ̌t,prune,,,,
vɩ́k,trou,des,boucles d'oreilles,,
vjɛ̌,"blanc, fluidité",,,,
vǔn,hangar,,,,
wâ,mélanger,,,,
wâ,finesse,,,,
wâ,quelqu'un,,,,
wád,faire mal,,,,
wàd,séparer de,,,,
wǎd,fendiller,,,,
wâk,jeter,,,,
wǎk,sécher,,,,
wǎk,sécheresse,,,,
wě,trou,,,,
wéd.cɛ̰̌,crocodile,,,,
wɛ́,"s'intensifier, chauffer",,,,
wɛ̌,feuille,,,,
wɛ́d,N,,,,
wìd,regarder,,,,
wɩ́,Prn,,,,
wɩ́t,Déic,,,,
wǒ,noirceur,,,,
wónɛ́,regarder,,,,
wóré,Ton,,,,
wót,t ,Prn,,,
wɔ̂,oublier,,,,
wɔ̌,noircir,,,,
wɔ̌,serpent,,,,
wɔ́d,polir,,,,
wú,quelque chose,,,,
wú,Prn,,,,
wǔ,enlever,,,,
wǔd,"se laver, se verser de l'eau dessus",,,,
wûn,verser,,,,
wúrɛ́,Ton,,,,
wʋ́,étoile,,,,
wʋ̂,noir,,,,
yà,être malade,,,,
yâ,ordure,,,,
yǎ̰,maladie,,,,
yá.cét,ventre,,,,
yád,N,,,,
yàd,V,,,,
yâd,bailler,,,,
yǎd,insecte,,,,
yǎd,esquisser,,,,
yà.fú,interdit alimentaire,,,,
yà.gá,funérailles,,,,
yá.gɔ̰̂,menthe religieuse,,,,
yà.gɔ̌,grosse hache,,,,
yá.jǎ,"fusil, flèche",,,,
yǎk,laisser,,,,
yǎk,secouer,,,,
yà.kón,après-midi,,,,
yà.lón,gombo,,,,
yá.pɛ̂t,commerçant,,,,
yàsɛ̰̌,fruits,,,,
yát,chose,,,,
yàt,secouer,,,,
yá.tá,"gain, chose acquise",,,,
yá.tò.bǐ,éleveur,,,,
yà.tǒg,épilepsie,,,,
yá.tɔ̌,animal,,,,
yá.yít,chose,,,,
yə̌d,avoir lieu,,,,
yê,année,,,,
yég,demander,,,,
yét,Prn,,,,
yèt,se lever,,,,
yět,arrêter,,,,
yɛ́,unique,,,,
yɛ́,particule initiative,,,,
yɛ̌d,encore,,,,
yɛ̂t,ami,,,,
yɛ̌t,conseiller,,,,
yí,sauter,,,,
yí,Prn,,,,
yí.bǔ,mois,,,,
yí.cɔ̂.,coépouse,,,,
yìd,tirer vers soi,,,,
yín,lune,,,,
yîn,bondir,,,,
yɩ́t,porc-épic,,,,
yɩ̌t,appeler,,,,
yɩ̌t,levée,,,,
yǒ,"bagarre, dispute, palabre",,,,
yɔ̀,allumer,,,,
yɔ̂,diviser,,,,
yɔ̌,arroser,,,,
yû,parole,,,,
yû,pêcher,,,,
yù.kɔ̰̌,bagarreur,,,,
yún,trop grand,,,,
yùn,voler,,,,
yùtɩ́,petit arbre fibreux,,,,
zá̰,sort,,,,
zǎ̰,pluie,,,,
zǎd,D invitation,,,,
zǎd,inviter,,,,
zà.gát,préoccupations,,,,
zà.gɛ.nâ,chauve-souris,,,,
zà.mɔ̌,cultivateur vaillant,,,,
zà.pɛ̰́,ennemi,,,,
zɛ̌t,rangée,,,,
zɛ̰́.tɩ̌,baobab,,,,
zí,accouchement,,,,
zì.tǒt,hibou,,,,
zɩ́g,attente,,,,
zǒt,amertume,,,,
zɔ̌,préparation,,,,
zɔ̰̌,N,,,,
